Num_Acc;id_vehicule;num_veh;senc;catv;obs;obsm;choc;manv;motor;occutc
202300018318;155 648 098;B01;1;33;0;2;0;0;1;
202300018318;155 648 101;A01;3;7;0;2;2;19;0;
202300018323;155 648 090;A01;1;7;0;2;3;19;1;
202300018323;155 648 093;B01;1;7;0;2;1;1;1;
202300018326;155 648 085;A01;2;33;0;2;2;18;1;
202300018326;155 648 087;B01;1;7;0;2;2;19;1;
202300018613;155 647 585;A01;1;1;0;2;1;15;5;
202300018613;155 647 589;B01;1;7;0;2;1;15;0;
202300018741;155 647 345;A01;2;33;0;0;7;1;1;
202300019033;155 646 830;B01;1;7;0;2;4;2;1;
202300019033;155 646 833;A01;1;7;0;2;1;2;1;
202300019036;155 646 826;A01;1;7;0;2;5;15;1;
202300019036;155 646 828;B01;2;2;0;2;1;1;1;
202300019111;155 646 677;A01;1;30;0;0;3;15;1;
202300019245;155 646 443;A01;1;7;0;9;1;9;1;
202300019245;155 646 444;B01;1;1;0;2;4;1;5;
202300019297;155 646 345;B01;1;7;0;2;1;13;0;
202300019297;155 646 346;A01;1;7;1;9;0;26;0;
202300019399;155 646 162;A01;2;2;0;2;1;15;1;
202300019399;155 646 163;B01;1;7;0;2;8;1;1;
202300019437;155 646 098;A01;1;7;0;1;2;1;1;
202300019439;155 646 095;B01;3;7;0;2;8;13;0;
202300019439;155 646 096;A01;3;32;0;2;7;17;1;
202300019441;155 646 091;B01;1;7;0;2;7;15;1;
202300019441;155 646 092;A01;1;33;0;2;1;9;1;
202300019774;155 645 495;A01;3;14;0;1;3;15;1;
202300019776;155 645 491;A01;1;33;0;2;1;17;1;
202300019776;155 645 493;B01;1;30;0;2;1;1;1;
202300019778;155 645 489;A01;2;7;8;0;3;13;1;
202300020150;155 644 825;B01;1;2;0;2;1;1;1;
202300020150;155 644 826;A01;1;7;0;0;0;15;1;
202300020308;155 644 529;A01;1;30;0;2;1;1;1;
202300020308;155 644 531;B01;1;7;0;2;5;1;1;
202300020421;155 644 342;A01;1;7;0;2;1;23;1;
202300020421;155 644 345;B01;1;7;0;2;6;26;1;
202300020426;155 644 331;A01;1;2;0;0;0;1;1;
202300020583;155 644 058;A01;1;7;0;1;1;20;1;
202300020806;155 643 662;A01;1;2;0;2;1;5;1;
202300020806;155 643 663;B01;2;7;0;2;2;1;1;
202300020812;155 643 653;A01;2;60;13;0;7;1;5;
202300020815;155 643 647;A01;1;7;0;2;3;15;1;
202300020815;155 643 650;B01;1;33;0;2;4;15;1;
202300020964;155 643 377;C01;2;7;0;2;4;23;0;
202300020964;155 643 379;A01;2;7;0;2;1;2;1;
202300020964;155 643 380;B01;2;7;0;2;1;23;1;
202300020967;155 643 373;A01;1;30;0;2;0;0;1;
202300020970;155 643 369;A01;1;7;0;2;8;10;1;
202300020970;155 643 370;B01;1;2;0;2;7;17;1;
202300021041;155 643 251;B01;1;7;0;2;2;0;0;
202300021041;155 643 252;A01;2;34;0;2;1;1;1;
202300021055;155 643 222;A01;2;7;0;1;0;0;0;
202300021313;155 642 768;A01;2;50;0;2;8;18;3;
202300021313;155 642 769;B01;2;7;0;9;7;14;1;
202300021314;155 642 766;B01;1;7;0;2;3;1;1;
202300021314;155 642 767;A01;2;7;0;2;3;16;1;
202300021484;155 642 453;A01;2;10;0;1;0;1;1;
202300021487;155 642 448;A01;1;30;0;0;0;26;1;
202300021487;155 642 451;B01;2;7;0;0;0;15;1;
202300021514;155 642 398;A01;1;30;0;2;2;15;1;
202300021514;155 642 400;B01;2;30;0;2;1;1;1;
202300021727;155 642 034;A01;1;7;8;0;2;1;1;
202300021740;155 642 014;B01;1;7;0;2;1;2;0;
202300021740;155 642 016;A01;2;2;0;0;4;1;1;
202300021787;155 641 933;A01;1;7;0;2;1;5;1;
202300021787;155 641 934;B01;2;7;0;2;5;1;1;
202300021787;155 641 937;C01;2;7;0;2;1;1;1;
202300021843;155 641 833;A01;1;30;0;2;7;15;1;
202300021843;155 641 834;B01;2;7;0;2;1;1;1;
202300021844;155 641 831;B01;1;7;0;2;1;1;1;
202300021844;155 641 832;A01;2;2;0;2;7;1;1;
202300021845;155 641 829;A01;2;7;1;0;1;14;1;
202300021845;155 641 830;B01;2;7;0;2;4;24;2;
202300021846;155 641 827;A01;2;7;0;2;8;1;1;
202300021846;155 641 828;B01;2;7;0;2;1;1;1;
202300021847;155 641 825;A01;3;30;0;2;8;13;1;
202300021847;155 641 826;B01;3;7;0;2;7;17;1;
202300021848;155 641 824;Z01;1;7;0;1;1;1;0;
202300021849;155 641 823;A01;1;7;1;2;1;13;1;
202300022048;155 641 470;A01;2;7;0;2;3;16;1;
202300022048;155 641 474;B01;2;2;0;2;2;1;1;
202300022145;155 641 296;A01;1;2;0;2;1;1;1;
202300022145;155 641 299;B01;1;37;0;2;5;9;1;1
202300022331;155 640 969;A01;0;2;0;0;1;1;1;
202300022331;155 640 971;B01;0;7;0;0;3;1;1;
202300022393;155 640 860;A01;2;7;0;2;6;15;1;
202300022393;155 640 862;B01;1;33;0;2;1;1;1;
202300022404;155 640 842;A01;1;7;9;0;1;0;0;
202300022410;155 640 832;A01;2;30;0;2;1;17;1;
202300022410;155 640 835;B01;1;7;0;2;8;0;1;
202300022431;155 640 791;A01;1;7;0;9;3;1;1;
202300022431;155 640 793;B01;2;2;0;2;1;13;1;
202300022641;155 640 438;A01;2;7;0;1;1;2;1;
202300022682;155 640 365;A01;3;7;0;0;7;21;1;
202300022687;155 640 356;B01;3;10;0;2;6;1;1;
202300022687;155 640 358;A01;1;30;0;2;1;9;1;
202300022691;155 640 350;A01;1;7;0;1;1;1;1;
202300022695;155 640 345;A01;3;2;0;1;1;2;3;
202300022702;155 640 333;A01;3;36;0;0;7;0;1;
202300023187;155 639 476;A01;1;7;1;2;2;1;1;
202300023187;155 639 478;B01;1;10;1;2;3;0;1;
202300023189;155 639 474;A01;1;7;13;0;1;14;0;
202300023400;155 639 114;A01;2;2;0;0;7;1;1;
202300023401;155 639 110;A01;1;30;0;2;1;1;1;
202300023401;155 639 112;B01;1;7;0;2;1;1;0;
202300023448;155 639 015;A01;1;7;0;2;5;16;1;
202300023448;155 639 016;B01;1;2;0;2;1;1;1;
202300023450;155 639 011;A01;1;1;0;2;4;1;5;
202300023450;155 639 012;B01;1;7;0;9;1;1;1;
202300023559;155 638 820;B01;1;2;0;2;1;2;0;
202300023559;155 638 821;A01;1;10;0;0;6;9;1;
202300023819;155 638 344;A01;2;2;0;2;1;15;1;
202300023819;155 638 345;B01;1;7;0;9;3;1;1;
202300023821;155 638 339;A01;1;7;0;2;4;1;1;
202300023821;155 638 340;B01;1;7;0;2;5;1;1;
202300023823;155 638 333;A01;1;7;0;9;2;1;1;
202300023823;155 638 334;B01;2;1;0;2;8;19;5;
202300023826;155 638 329;A01;1;30;0;2;1;1;1;
202300023826;155 638 331;B01;1;7;0;2;2;0;1;
202300023914;155 638 185;B01;0;30;0;2;1;1;1;
202300023914;155 638 187;A01;3;7;0;2;3;19;1;
202300023953;155 638 121;A01;0;7;0;2;2;1;1;
202300023953;155 638 127;B01;0;7;0;2;7;4;1;
202300024023;155 638 001;A01;3;7;0;2;2;1;0;
202300024023;155 638 004;B01;3;7;0;2;1;1;1;
202300024433;155 637 303;A01;2;33;0;2;1;3;1;
202300024433;155 637 305;B01;2;7;0;2;6;15;1;
202300024435;155 637 299;A01;2;7;0;2;5;16;1;
202300024435;155 637 301;B01;1;60;0;0;0;1;5;
202300024541;155 637 090;A01;2;7;0;9;3;15;1;
202300024541;155 637 092;B01;1;2;0;2;7;1;0;
202300024602;155 636 983;A01;1;7;0;2;3;15;1;
202300024602;155 636 987;B01;2;2;0;2;1;2;1;
202300024606;155 636 971;B01;1;30;0;2;1;0;1;
202300024606;155 636 974;A01;1;7;0;2;7;2;1;
202300025151;155 636 016;A01;3;2;0;2;1;5;1;
202300025151;155 636 017;B01;1;10;0;2;2;1;1;
202300025152;155 636 014;A01;2;7;0;9;3;15;1;
202300025152;155 636 015;B01;1;2;0;2;1;2;1;
202300025603;155 635 227;A01;3;7;0;2;6;1;1;
202300025603;155 635 228;B01;3;2;0;2;1;1;1;
202300025607;155 635 219;A01;0;7;0;0;4;23;1;
202300025607;155 635 220;B01;0;7;0;2;1;0;1;
202300025662;155 635 121;A01;2;7;0;2;1;1;1;
202300025662;155 635 122;B01;1;7;0;2;1;17;1;
202300025662;155 635 125;C01;2;7;0;2;5;1;1;
202300025665;155 635 115;A01;2;33;0;2;7;17;1;
202300025665;155 635 118;B01;2;10;0;2;8;15;1;
202300026236;155 634 078;A01;2;50;0;1;1;1;3;
202300026322;155 633 930;A01;1;7;0;2;1;2;1;
202300026322;155 633 932;B01;1;2;0;0;4;2;1;
202300026328;155 633 922;B01;1;7;0;2;8;9;1;
202300026328;155 633 925;A01;2;30;0;2;1;3;1;
202300026438;155 633 709;Z01;1;7;0;2;2;24;1;
202300026438;155 633 711;B01;1;30;1;0;1;1;1;
202300026453;155 633 684;B01;2;7;0;2;8;1;1;
202300026453;155 633 686;A01;2;2;0;2;1;9;1;
202300026457;155 633 677;B01;2;7;0;2;5;1;1;
202300026457;155 633 679;A01;2;2;0;2;3;1;1;
202300026494;155 633 605;A01;1;2;0;2;1;2;1;
202300026494;155 633 608;B01;1;7;0;2;4;1;1;
202300026497;155 633 595;A01;1;7;0;2;2;1;1;
202300026497;155 633 598;B01;1;7;0;2;8;15;1;
202300026724;155 633 216;A01;1;7;0;1;1;1;1;
202300026725;155 633 214;A01;1;7;0;2;1;17;6;
202300026725;155 633 215;B01;2;33;0;2;1;1;0;
202300027243;155 632 275;A01;1;7;0;2;3;26;1;
202300027243;155 632 276;B01;1;80;0;2;1;19;3;
202300027280;155 632 201;B01;1;7;0;2;4;2;1;
202300027280;155 632 202;C01;1;7;0;2;4;2;1;
202300027280;155 632 203;D01;1;7;0;2;4;2;1;
202300027280;155 632 204;A01;2;7;0;2;1;2;1;
202300027281;155 632 200;A01;3;50;1;0;1;21;3;
202300027282;155 632 198;B01;1;2;0;2;4;15;1;
202300027282;155 632 199;A01;1;7;0;2;1;2;2;
202300027283;155 632 197;A01;1;2;0;0;8;1;1;
202300027284;155 632 195;A01;1;2;0;2;7;1;1;
202300027284;155 632 196;B01;0;7;0;9;3;19;0;
202300027285;155 632 193;A01;1;7;0;2;5;15;1;
202300027285;155 632 194;B01;1;33;0;2;1;1;1;
202300027286;155 632 192;A01;1;7;9;0;1;26;0;
202300027361;155 632 053;A01;1;2;0;0;0;2;1;
202300027567;155 631 700;A01;3;2;0;9;0;0;1;
202300027567;155 631 702;B01;3;2;0;2;3;1;1;
202300027605;155 631 628;B01;0;2;0;2;0;0;1;
202300027605;155 631 635;A01;0;34;0;2;0;0;1;
202300027680;155 631 500;A01;1;2;0;2;1;1;1;
202300027680;155 631 501;B01;1;7;0;2;4;1;1;
202300027764;155 631 360;A01;3;7;0;2;1;19;1;
202300027764;155 631 361;B01;3;7;0;2;7;26;1;
202300028093;155 630 777;A01;1;32;0;1;0;1;1;
202300028237;155 630 487;A01;3;30;0;2;0;13;0;
202300028237;155 630 489;B01;3;7;0;2;3;1;1;
202300028354;155 630 263;A01;2;30;0;2;1;1;1;
202300028354;155 630 266;B01;3;13;0;2;8;16;1;
202300028358;155 630 254;A01;1;50;0;2;1;5;3;
202300028358;155 630 258;B01;2;7;0;2;3;16;1;
202300028371;155 630 232;A01;1;2;0;2;1;13;1;
202300028371;155 630 235;B01;1;2;0;2;1;1;1;
202300028376;155 630 223;Z01;2;7;0;2;2;2;0;
202300028376;155 630 227;A01;2;50;0;2;8;2;3;
202300028458;155 630 080;A01;2;7;11;0;1;1;1;
202300028583;155 629 864;A01;2;7;0;2;3;15;1;
202300028583;155 629 866;B01;1;2;0;2;1;1;1;
202300028673;155 629 717;A01;3;31;0;2;1;2;1;
202300028673;155 629 719;B01;3;7;0;2;2;16;1;
202300028676;155 629 712;A01;3;50;0;1;2;1;3;
202300028679;155 629 708;A01;3;7;0;1;0;9;1;
202300028681;155 629 702;Z01;1;2;0;2;0;0;0;
202300028681;155 629 704;A01;1;10;0;2;1;15;1;
202300028685;155 629 695;B01;2;50;0;2;1;1;3;
202300028685;155 629 698;A01;1;30;0;2;7;15;1;
202300028688;155 629 689;A01;1;7;0;2;8;15;2;
202300028688;155 629 690;B01;1;2;0;2;1;21;1;
202300028827;155 629 443;A01;2;10;0;2;3;15;1;
202300028827;155 629 444;B01;1;10;0;2;2;17;1;
202300028868;155 629 365;A01;1;2;11;0;3;13;1;
202300028869;155 629 363;A01;2;7;0;2;1;15;1;
202300028869;155 629 364;B01;2;2;0;2;8;1;1;
202300028897;155 629 314;A01;1;32;0;0;4;0;1;
202300029047;155 629 036;A01;1;7;0;2;3;13;1;
202300029047;155 629 037;B01;2;7;0;2;3;1;1;
202300029048;155 629 033;A01;1;7;0;2;1;1;1;
202300029048;155 629 034;B01;2;7;0;2;1;1;1;
202300029048;155 629 035;C01;2;7;0;2;1;1;1;
202300029281;155 628 624;A01;2;7;0;2;8;9;1;
202300029281;155 628 625;B01;1;7;0;2;7;0;1;
202300029283;155 628 620;A01;1;7;0;2;8;15;1;
202300029283;155 628 621;B01;1;2;0;2;1;17;1;
202300029285;155 628 617;A01;1;2;0;2;1;2;1;
202300029287;155 628 614;A01;1;2;0;2;1;2;1;
202300029287;155 628 616;B01;1;2;0;2;9;2;1;
202300029290;155 628 610;A01;1;2;0;2;1;19;3;
202300029290;155 628 612;B01;2;31;0;2;8;1;1;
202300029291;155 628 607;A01;1;80;0;0;0;1;3;
202300029295;155 628 602;A01;1;20;3;2;3;13;1;
202300029295;155 628 603;B01;2;7;0;2;3;1;1;
202300029542;155 628 180;A01;1;10;0;2;6;26;1;
202300029542;155 628 182;B01;1;2;0;2;1;0;1;
202300029551;155 628 162;A01;0;7;0;2;1;5;0;
202300029551;155 628 163;B01;0;7;0;2;1;1;0;
202300029551;155 628 165;C01;0;7;0;2;8;1;0;
202300029553;155 628 158;A01;2;7;0;2;7;21;0;
202300029553;155 628 160;B01;2;2;0;2;8;1;1;
202300029647;155 627 998;A01;2;7;0;2;3;15;0;
202300029647;155 628 001;B01;2;2;0;2;1;17;0;
202300029808;155 627 699;A01;2;7;0;2;2;9;1;
202300029808;155 627 701;B01;1;2;0;2;1;1;1;
202300029811;155 627 692;B01;1;33;0;2;1;1;1;
202300029811;155 627 693;A01;2;10;0;2;3;10;1;
202300029949;155 627 451;A01;1;7;1;0;3;1;1;
202300029949;155 627 454;B01;1;7;0;0;5;24;1;
202300030012;155 627 341;A01;1;7;0;2;1;1;1;
202300030012;155 627 343;B01;1;7;0;2;1;1;1;
202300030012;155 627 346;C01;1;7;0;2;0;1;1;
202300030015;155 627 334;A01;1;0;0;0;0;0;0;
202300030015;155 627 335;B01;1;2;0;0;0;0;0;
202300030019;155 627 327;B01;2;30;0;2;3;1;1;
202300030019;155 627 329;Z01;1;7;0;2;2;15;1;
202300030023;155 627 320;B01;3;7;0;2;2;1;1;
202300030023;155 627 323;A01;3;13;0;2;4;19;1;
202300030027;155 627 313;A01;1;30;0;2;1;13;1;
202300030027;155 627 317;B01;2;7;0;2;0;1;1;
202300030032;155 627 305;A01;3;50;0;2;2;13;3;
202300030032;155 627 308;B01;2;50;0;2;2;15;3;
202300030036;155 627 298;A01;2;30;0;2;8;1;1;
202300030036;155 627 300;Z01;1;0;0;9;7;16;1;
202300030042;155 627 289;B01;2;2;0;9;1;1;1;
202300030042;155 627 293;A01;2;7;0;2;7;9;1;
202300030046;155 627 281;B01;2;10;0;2;7;1;1;
202300030046;155 627 284;A01;1;2;0;2;1;1;1;
202300030518;155 626 426;A01;1;7;0;2;2;18;1;
202300030518;155 626 427;B01;1;2;0;2;1;1;1;
202300030521;155 626 422;A01;1;10;0;2;2;13;1;
202300030521;155 626 423;B01;1;30;0;2;3;1;1;
202300030524;155 626 416;A01;2;7;0;2;2;15;1;
202300030524;155 626 419;B01;1;50;0;2;1;1;3;
202300030527;155 626 410;B01;2;2;0;2;1;1;1;
202300030527;155 626 413;A01;1;7;0;2;1;15;1;
202300030796;155 625 921;B01;3;10;0;2;3;1;1;
202300030796;155 625 923;A01;3;2;0;2;1;1;0;
202300030825;155 625 875;A01;1;7;0;9;1;2;1;
202300030825;155 625 877;B01;1;2;0;2;4;1;1;
202300030828;155 625 869;A01;1;7;14;0;1;1;1;
202300030828;155 625 870;B01;1;7;0;1;4;23;1;
202300031020;155 625 548;B01;1;1;0;2;7;19;5;
202300031020;155 625 549;A01;1;10;0;2;2;1;1;
202300031209;155 625 222;A01;0;7;0;0;1;17;1;
202300031209;155 625 223;B01;0;7;0;0;1;1;1;
202300031210;155 625 221;A01;1;2;0;0;0;1;1;
202300031211;155 625 220;A01;1;7;0;1;2;16;1;
202300031313;155 625 042;B01;2;7;0;2;6;1;1;
202300031313;155 625 043;A01;2;7;0;2;1;15;1;
202300031315;155 625 039;A01;1;30;0;2;1;1;1;
202300031315;155 625 040;B01;3;7;0;2;0;5;1;
202300031317;155 625 036;A01;2;7;0;0;0;1;1;
202300031488;155 624 742;B01;1;7;0;2;1;1;1;
202300031488;155 624 743;A01;2;10;0;2;3;13;1;
202300031537;155 624 655;A01;1;7;0;2;2;14;1;
202300031537;155 624 656;B01;1;2;0;2;1;1;1;
202300031538;155 624 651;A01;2;7;0;2;1;5;1;
202300031538;155 624 653;B01;1;7;0;2;1;1;1;
202300031864;155 624 104;A01;1;7;0;0;1;21;1;
202300031993;155 623 847;A01;1;7;1;0;1;1;1;
202300031993;155 623 850;B01;1;7;1;0;1;23;1;
202300031993;155 623 852;C01;1;7;0;2;4;23;1;
202300032009;155 623 819;A01;1;30;0;2;2;12;1;
202300032009;155 623 821;B01;1;7;0;2;0;0;1;
202300032083;155 623 689;A01;1;7;0;2;3;15;1;
202300032083;155 623 690;B01;2;33;0;2;3;1;1;
202300032625;155 622 721;B01;2;33;0;2;1;17;0;
202300032625;155 622 724;A01;2;7;0;2;8;15;0;
202300032700;155 622 594;A01;1;7;0;2;1;13;0;
202300032700;155 622 595;B01;1;7;0;2;1;21;0;
202300032702;155 622 589;A01;2;7;0;2;2;17;1;
202300032702;155 622 590;B01;2;30;0;2;1;1;1;
202300032704;155 622 586;A01;1;33;3;0;9;17;1;
202300032712;155 622 570;A01;2;7;0;2;2;0;1;
202300032712;155 622 571;B01;1;7;0;2;3;1;1;
202300032712;155 622 574;C01;2;20;0;2;6;1;1;
202300032822;155 622 350;A01;1;7;0;2;1;19;1;
202300032822;155 622 351;B01;1;50;0;2;7;1;3;
202300032834;155 622 325;A01;2;7;0;9;1;9;1;
202300032834;155 622 326;B01;1;2;0;2;4;14;3;
202300032836;155 622 321;A01;3;7;0;2;7;1;1;
202300032836;155 622 323;B01;3;7;0;2;1;1;1;
202300032850;155 622 296;A01;3;7;0;2;2;1;1;
202300032850;155 622 299;B01;3;50;0;2;1;15;3;
202300032852;155 622 294;A01;1;1;0;0;4;1;5;
202300032953;155 622 117;A01;2;7;0;9;2;1;1;
202300032953;155 622 118;B01;1;1;0;2;0;15;5;
202300032954;155 622 116;A01;1;7;0;0;9;0;1;
202300033008;155 622 023;A01;1;7;0;1;1;1;1;
202300033009;155 622 022;A01;3;34;0;2;1;2;1;
202300033285;155 621 535;A01;3;1;0;2;8;5;5;
202300033285;155 621 536;B01;3;7;6;0;1;9;1;
202300033286;155 621 533;A01;3;7;0;2;1;1;1;
202300033286;155 621 534;B01;2;2;0;2;8;1;1;
202300033287;155 621 531;A01;1;2;0;2;4;16;1;
202300033287;155 621 532;Z01;2;7;0;0;0;0;1;
202300033342;155 621 432;A01;2;7;0;2;0;9;1;
202300033342;155 621 433;B01;2;2;0;2;1;11;1;
202300033343;155 621 430;A01;3;2;0;2;8;1;1;
202300033343;155 621 431;B01;3;7;0;2;2;15;1;
202300033568;155 621 040;A01;1;30;0;2;5;1;1;
202300033941;155 620 398;B01;1;2;0;2;8;16;1;
202300033941;155 620 402;A01;1;10;0;9;2;16;1;
202300033946;155 620 389;A01;1;7;0;1;2;26;1;
202300033950;155 620 383;A01;1;30;0;0;0;18;1;
202300033958;155 620 371;A01;3;30;0;0;0;0;1;
202300033958;155 620 376;Z01;3;2;0;0;0;0;1;
202300033976;155 620 340;A01;1;7;0;2;3;2;1;
202300033976;155 620 343;B01;1;50;0;2;4;2;3;
202300033999;155 620 294;A01;1;2;0;0;8;1;1;
202300033999;155 620 297;B01;1;17;0;2;5;17;1;
202300034154;155 620 023;A01;1;30;0;0;7;1;1;
202300034160;155 620 015;A01;2;7;0;1;1;1;1;
202300034165;155 620 005;B01;1;7;0;2;5;2;1;
202300034165;155 620 008;A01;1;30;0;2;1;2;1;
202300034169;155 619 998;A01;1;30;0;0;1;13;1;
202300034174;155 619 992;A01;1;33;0;0;0;26;1;
202300034300;155 619 765;A01;1;7;0;2;3;9;1;