Num_Acc;id_vehicule;num_veh;senc;catv;obs;obsm;choc;manv;motor;occutc
202300034300;155 619 767;B01;2;2;0;2;1;1;1;
202300034456;155 619 506;A01;1;33;0;2;1;2;1;
202300034456;155 619 508;B01;1;7;0;2;3;15;1;
202300034530;155 619 373;B01;2;31;0;2;1;1;6;
202300034530;155 619 374;A01;1;10;0;2;5;15;1;
202300034588;155 619 275;A01;1;7;0;2;8;10;1;
202300034588;155 619 276;B01;1;33;0;2;1;17;1;
202300034655;155 619 158;A01;0;7;0;0;0;0;0;
202300034673;155 619 120;A01;1;7;0;9;5;16;1;
202300034673;155 619 121;B01;1;31;0;2;8;1;1;
202300034675;155 619 117;B01;2;7;0;9;8;19;1;
202300034675;155 619 118;A01;1;2;0;2;1;1;1;
202300034753;155 618 977;A01;1;7;0;2;1;5;1;
202300034753;155 618 978;B01;2;10;0;2;6;1;1;
202300034753;155 618 980;C01;2;10;0;2;1;1;1;
202300034754;155 618 974;A01;1;33;0;0;0;1;1;
202300034895;155 618 735;A01;1;7;0;2;1;16;1;
202300034895;155 618 736;B01;2;1;0;2;1;5;5;
202300034900;155 618 725;A01;3;7;0;2;3;1;1;
202300034900;155 618 726;B01;0;2;0;2;1;5;1;
202300034901;155 618 722;C01;1;2;0;0;0;0;1;
202300034901;155 618 723;A01;1;7;0;0;2;0;1;
202300034901;155 618 724;B01;2;31;0;2;2;0;1;
202300034945;155 618 631;B01;2;32;0;2;1;3;0;
202300034945;155 618 632;A01;1;7;0;9;1;15;1;
202300035040;155 618 457;A01;1;7;0;2;3;22;1;
202300035040;155 618 458;B01;1;50;1;0;1;1;3;
202300035201;155 618 164;A01;1;2;0;0;0;1;1;
202300035282;155 618 035;A01;1;7;0;1;0;21;1;
202300035283;155 618 033;Z01;1;7;0;2;0;1;1;
202300035283;155 618 034;B01;1;2;0;2;8;19;1;
202300035284;155 618 031;Z01;1;7;0;2;3;15;2;
202300035284;155 618 032;B01;2;2;0;2;1;1;1;
202300035285;155 618 029;B01;1;2;0;2;0;0;1;
202300035285;155 618 030;A01;1;7;0;2;0;0;1;
202300035286;155 618 027;B01;3;7;0;2;2;1;1;
202300035286;155 618 028;A01;3;80;0;2;1;1;3;
202300035913;155 616 893;A01;1;2;0;0;3;1;1;
202300035913;155 616 896;B01;1;15;0;2;0;1;1;
202300035913;155 616 898;C01;1;99;0;2;3;1;6;
202300036087;155 616 585;A01;1;2;0;2;8;0;1;
202300036087;155 616 588;B01;1;10;0;2;7;0;1;
202300036205;155 616 361;A01;3;7;0;2;1;9;1;
202300036205;155 616 363;B01;1;2;0;2;1;26;1;
202300036210;155 616 354;A01;1;7;0;2;7;15;1;
202300036210;155 616 357;B01;2;33;0;2;2;1;1;
202300036383;155 616 057;A01;2;10;0;0;1;0;1;
202300036504;155 615 851;A01;1;7;0;2;8;0;1;
202300036504;155 615 852;B01;2;7;0;2;3;1;1;
202300036505;155 615 849;B01;2;2;0;2;8;1;1;
202300036505;155 615 850;A01;1;7;0;9;1;15;1;
202300036665;155 615 575;A01;3;7;0;2;1;15;1;
202300036665;155 615 576;B01;3;80;0;2;7;0;3;
202300036666;155 615 573;A01;2;17;0;2;8;1;1;
202300036666;155 615 574;B01;1;14;0;2;1;1;1;
202300036667;155 615 571;A01;2;2;0;0;6;19;3;
202300036667;155 615 572;B01;2;33;0;2;1;1;1;
202300037041;155 614 910;A01;2;2;1;0;1;0;1;
202300037041;155 614 911;B01;2;7;0;2;6;24;1;
202300037091;155 614 822;B01;1;7;0;2;8;1;1;
202300037091;155 614 824;A01;1;7;0;2;1;19;1;
202300037243;155 614 536;B01;1;50;0;9;4;2;3;
202300037243;155 614 537;A01;1;50;0;9;4;2;3;
202300037244;155 614 535;A01;1;2;0;0;0;1;1;
202300037365;155 614 334;A01;3;30;0;2;7;21;1;
202300037540;155 614 018;A01;1;30;14;0;0;26;1;
202300037672;155 613 779;A01;2;7;0;2;1;26;1;
202300037672;155 613 781;B01;2;10;0;2;1;26;1;
202300037946;155 613 298;A01;1;50;0;0;0;0;3;
202300037951;155 613 288;A01;1;30;0;2;1;19;1;
202300037951;155 613 293;B01;2;10;0;2;7;1;1;
202300038397;155 612 495;A01;1;13;0;2;3;15;1;
202300038397;155 612 497;B01;2;30;0;2;1;1;1;
202300038487;155 612 343;A01;2;7;0;2;1;5;0;
202300038487;155 612 346;B01;1;33;0;2;1;1;1;
202300038521;155 612 270;B01;2;7;0;2;3;1;0;
202300038521;155 612 272;A01;1;7;0;2;3;5;0;
202300038523;155 612 267;A01;1;7;0;2;1;13;0;
202300038523;155 612 268;B01;1;2;0;0;4;11;0;
202300038629;155 612 090;B01;1;7;0;2;6;15;1;
202300038629;155 612 092;A01;2;31;0;2;1;2;1;
202300038631;155 612 086;A01;3;30;0;2;1;26;1;
202300038631;155 612 088;B01;3;2;0;2;1;5;1;
202300038840;155 611 717;B01;1;2;0;2;1;1;1;
202300038840;155 611 719;A01;2;7;0;2;3;15;1;
202300038841;155 611 716;A01;2;33;0;0;0;1;1;
202300038843;155 611 712;B01;2;50;0;2;4;1;3;
202300038843;155 611 714;A01;2;7;0;2;1;18;1;
202300038909;155 611 586;A01;1;2;0;2;1;15;1;
202300038909;155 611 587;B01;1;7;0;2;7;0;1;
202300038911;155 611 583;A01;1;7;0;2;1;26;1;
202300038911;155 611 584;B01;2;7;0;2;1;1;1;
202300039258;155 610 953;A01;1;2;0;2;1;2;1;
202300039258;155 610 954;B01;2;7;0;2;8;2;1;
202300039648;155 610 251;A01;1;7;0;2;3;9;1;
202300039648;155 610 253;B01;1;7;0;2;2;15;1;
202300039689;155 610 174;A01;1;7;0;2;8;15;1;
202300039689;155 610 177;B01;2;7;0;2;6;26;1;
202300039829;155 609 922;A01;2;30;0;2;8;1;1;
202300039829;155 609 923;B01;2;7;1;0;8;1;1;
202300039959;155 609 695;A01;1;2;0;2;0;1;0;
202300039959;155 609 697;B01;2;7;0;2;0;11;0;
202300039993;155 609 632;A01;1;2;0;2;7;9;1;
202300039994;155 609 630;A01;1;32;0;2;2;17;1;
202300039994;155 609 631;B01;1;2;0;2;8;15;1;
202300040035;155 609 561;A01;2;7;0;2;2;15;1;
202300040035;155 609 563;B01;2;7;0;2;3;1;2;
202300040117;155 609 412;A01;2;50;0;2;1;19;3;
202300040117;155 609 413;B01;2;7;0;2;6;1;1;
202300040188;155 609 286;B01;1;1;0;2;1;1;5;
202300040188;155 609 288;A01;1;7;0;9;3;15;1;
202300040229;155 609 214;A01;3;10;0;1;1;1;1;
202300040430;155 608 865;B01;1;50;0;2;7;1;3;
202300040430;155 608 866;A01;2;7;0;9;7;1;1;
202300040433;155 608 859;B01;1;50;0;2;7;1;3;
202300040433;155 608 860;A01;1;10;0;2;7;9;1;
202300040553;155 608 665;A01;2;7;0;2;8;15;1;
202300040553;155 608 670;B01;2;33;0;2;1;17;1;
202300040698;155 608 397;A01;3;10;0;9;1;19;1;
202300040698;155 608 398;B01;3;2;0;2;4;15;1;
202300040833;155 608 156;A01;1;7;0;2;1;15;1;
202300040833;155 608 157;B01;1;2;0;2;1;1;1;
202300040835;155 608 152;A01;1;7;0;2;1;14;1;
202300040835;155 608 153;B01;1;2;0;2;1;1;3;
202300041038;155 607 807;A01;2;33;0;2;1;17;1;
202300041038;155 607 808;B01;1;7;0;2;8;9;1;
202300041208;155 607 514;A01;1;2;0;0;7;10;1;
202300041208;155 607 515;B01;2;7;0;2;2;0;0;
202300041255;155 607 434;A01;1;7;0;2;3;15;1;
202300041507;155 607 001;Z01;3;7;0;1;1;1;0;
202300041509;155 606 997;A01;1;7;0;2;5;15;1;
202300041509;155 606 998;B01;2;33;0;2;1;1;1;
202300041675;155 606 691;B01;1;1;0;2;7;1;5;
202300041675;155 606 693;A01;2;7;0;2;3;9;3;
202300041760;155 606 550;B01;0;80;0;2;8;1;5;
202300041760;155 606 552;A01;1;7;0;2;2;19;1;
202300041948;155 606 224;A01;1;10;0;1;1;0;1;
202300042327;155 605 575;A01;3;7;0;2;7;17;0;
202300042327;155 605 577;B01;3;31;0;2;8;2;0;
202300042607;155 605 071;A01;2;7;0;2;1;5;1;
202300042607;155 605 072;B01;1;7;0;2;1;1;1;
202300042757;155 604 800;B01;1;30;0;9;1;26;1;
202300042757;155 604 801;Y01;3;50;0;0;0;0;3;
202300043041;155 604 250;A01;1;7;0;1;2;21;6;
202300043054;155 604 235;A01;1;10;0;1;1;1;1;
202300043099;155 604 143;A01;1;30;0;0;1;1;1;
202300043209;155 603 946;A01;1;7;0;2;1;2;1;
202300043209;155 603 947;B01;1;2;0;2;4;2;1;
202300043210;155 603 943;A01;1;7;0;2;1;2;1;
202300043210;155 603 944;B01;1;7;0;2;4;23;1;
202300043210;155 603 945;C01;1;7;0;2;4;15;1;
202300043401;155 603 581;A01;1;7;0;2;6;1;1;
202300043401;155 603 582;B01;2;7;0;2;3;13;1;
202300043403;155 603 579;A01;2;7;1;0;3;26;1;
202300043645;155 603 165;B01;3;1;0;2;4;19;5;
202300043645;155 603 166;A01;3;7;0;2;1;9;2;
202300043648;155 603 160;A01;1;7;0;2;2;19;1;
202300043648;155 603 162;B01;2;50;0;2;1;1;3;
202300043649;155 603 157;A01;1;7;0;2;1;15;1;
202300043649;155 603 159;B01;1;33;0;2;7;1;1;
202300044044;155 602 437;B01;1;1;0;2;2;1;5;
202300044044;155 602 439;A01;2;7;0;9;3;19;1;
202300044050;155 602 430;B01;2;7;0;2;1;1;1;
202300044050;155 602 433;A01;1;7;0;2;7;15;1;
202300044075;155 602 387;B01;1;7;0;2;7;1;1;
202300044075;155 602 392;A01;1;7;9;2;1;19;1;
202300044080;155 602 378;A01;1;7;5;1;1;26;1;
202300044178;155 602 192;A01;2;7;0;2;5;16;1;
202300044178;155 602 194;B01;2;2;0;2;1;1;1;
202300044363;155 601 860;A01;3;31;0;1;0;1;0;
202300044632;155 601 367;A01;3;7;1;0;1;5;1;
202300044636;155 601 358;A01;1;3;0;2;1;1;6;
202300044636;155 601 361;B01;1;2;0;2;8;19;1;
202300044639;155 601 351;A01;1;7;0;2;3;2;1;
202300044639;155 601 353;B01;1;10;0;2;6;15;1;
202300044641;155 601 347;A01;1;7;0;2;7;16;1;
202300044641;155 601 348;B01;1;2;0;2;1;1;1;
202300044644;155 601 341;B01;1;7;0;2;1;1;1;
202300044644;155 601 343;A01;1;7;0;2;9;19;1;
202300044649;155 601 335;A01;1;7;0;2;7;15;1;
202300044649;155 601 338;B01;1;1;0;2;1;1;5;
202300044955;155 600 803;A01;1;2;0;2;1;1;1;
202300044955;155 600 805;B01;1;7;0;9;4;16;1;
202300044974;155 600 765;A01;2;7;0;2;2;1;1;
202300044974;155 600 767;B01;2;1;0;2;4;15;5;
202300045102;155 600 519;A01;1;33;0;0;6;1;1;
202300045383;155 600 023;A01;2;7;0;2;3;15;1;
202300045383;155 600 024;B01;2;2;0;2;1;17;1;
202300045434;155 599 926;A01;1;7;1;2;9;16;1;
202300045435;155 599 923;A01;1;30;0;0;7;16;1;
202300045442;155 599 910;A01;1;7;0;2;1;16;1;
202300045442;155 599 913;B01;3;1;0;2;8;1;5;
202300045443;155 599 907;A01;2;30;0;2;1;1;1;
202300045443;155 599 909;B01;2;7;0;2;4;23;1;
202300045445;155 599 905;A01;1;7;15;0;3;26;1;
202300045584;155 599 670;A01;1;33;0;0;0;13;1;
202300045719;155 599 439;C01;2;7;0;2;1;1;1;
202300045719;155 599 443;A01;1;7;0;2;3;1;1;
202300045719;155 599 447;B01;1;7;0;2;3;17;1;
202300045775;155 599 340;A01;1;2;0;0;0;1;1;
202300045782;155 599 329;A01;1;33;0;2;3;13;1;
202300045782;155 599 333;B01;1;7;0;9;8;1;1;
202300045782;155 599 336;C01;1;10;0;2;8;1;1;
202300045995;155 598 944;A01;1;7;0;1;2;2;1;
202300046159;155 598 651;B01;1;50;0;2;1;1;3;
202300046159;155 598 654;A01;1;7;0;2;7;15;1;
202300046333;155 598 340;A01;2;7;13;0;0;0;0;
202300046335;155 598 337;A01;3;7;0;2;2;17;0;
202300046335;155 598 339;B01;3;2;0;0;6;1;1;
202300046336;155 598 334;B01;1;2;0;0;0;0;1;
202300046336;155 598 336;A01;1;7;0;2;3;15;1;
202300046339;155 598 329;A01;1;0;0;2;1;16;0;
202300046339;155 598 330;B01;1;7;14;2;1;15;1;
202300046459;155 598 117;B01;1;1;0;2;2;25;5;
202300046459;155 598 118;Z01;1;7;0;9;7;9;1;
202300046460;155 598 115;A01;1;30;0;2;1;13;1;
202300046460;155 598 116;B01;2;7;0;2;3;1;1;
202300046545;155 597 954;A01;1;30;0;2;0;26;1;
202300046548;155 597 948;A01;1;7;0;2;8;2;1;
202300046548;155 597 951;B01;1;7;0;2;1;18;1;
202300046551;155 597 944;A01;1;30;0;2;1;13;1;
202300046551;155 597 945;B01;1;7;0;2;1;0;1;
202300046885;155 597 350;B01;1;7;0;2;7;17;0;
202300046885;155 597 351;A01;1;7;14;0;8;15;0;
202300046907;155 597 313;A01;1;7;0;2;3;13;1;
202300046907;155 597 315;B01;2;7;0;2;2;1;0;
202300047146;155 596 915;A01;1;7;0;1;1;26;1;
202300047334;155 596 572;A01;1;30;0;2;3;1;1;
202300047730;155 595 861;A01;2;7;0;2;3;15;1;
202300047730;155 595 862;B01;1;2;0;2;8;9;1;
202300047901;155 595 548;A01;1;50;0;1;8;26;3;
202300047903;155 595 546;B01;1;50;0;2;3;16;3;
202300047903;155 595 549;A01;1;30;0;2;3;3;1;
202300047905;155 595 542;B01;2;7;0;2;8;2;1;
202300047905;155 595 543;A01;1;30;0;2;1;2;1;
202300047949;155 595 463;A01;2;7;0;9;2;0;0;
202300047949;155 595 465;B01;2;50;0;2;8;2;3;
202300048001;155 595 368;A01;1;7;0;2;3;1;1;
202300048001;155 595 370;B01;1;1;0;2;8;9;5;
202300048146;155 595 137;A01;1;60;0;2;3;13;5;
202300048146;155 595 139;B01;1;7;0;2;3;21;1;
202300048349;155 594 755;A01;2;10;0;2;1;1;1;
202300048349;155 594 758;C01;2;10;0;2;4;23;1;
202300048349;155 594 760;B01;2;7;0;2;4;23;1;
202300048613;155 594 286;A01;0;2;0;2;1;13;6;
202300048613;155 594 288;B01;3;2;0;2;1;0;1;
202300049003;155 593 630;A01;1;7;0;2;3;0;0;
202300049003;155 593 631;B01;2;7;0;2;1;13;1;
202300049059;155 593 530;B01;3;7;0;1;2;26;1;
202300049207;155 593 266;A01;3;13;0;0;7;21;2;
202300049207;155 593 270;B01;1;7;0;0;0;17;1;
202300049291;155 593 107;A01;3;0;0;0;0;1;0;
202300049295;155 593 102;A01;1;30;12;0;1;1;1;
202300049299;155 593 096;A01;1;30;0;0;0;1;1;
202300049404;155 592 918;A01;2;7;0;2;5;15;1;
202300049404;155 592 921;B01;1;33;0;2;1;1;1;
202300049433;155 592 874;A01;1;7;0;2;6;10;1;
202300049433;155 592 876;B01;1;30;0;2;1;15;1;
202300049464;155 592 807;B01;1;7;0;0;2;1;1;
202300049464;155 592 812;A01;1;10;0;0;3;15;1;
202300049510;155 592 731;A01;3;7;2;0;1;26;1;
202300049513;155 592 726;A01;2;50;0;0;1;1;3;
202300049519;155 592 718;A01;2;7;0;1;1;26;1;
202300049540;155 592 687;A01;1;7;0;2;1;15;1;
202300049540;155 592 689;B01;2;30;0;2;7;1;3;
202300049547;155 592 677;A01;2;7;0;2;3;19;1;
202300049547;155 592 679;B01;1;30;0;2;7;1;1;
202300049550;155 592 668;A01;1;2;2;0;1;1;1;
202300049555;155 592 662;A01;1;7;0;2;1;17;1;
202300049555;155 592 664;B01;1;1;0;9;4;2;5;
202300049684;155 592 427;A01;3;3;0;9;2;1;1;
202300049684;155 592 431;B01;3;1;0;0;0;0;5;
202300049834;155 592 148;A01;1;7;0;2;0;9;0;
202300049834;155 592 152;B01;1;2;0;2;6;9;1;
202300049840;155 592 137;A01;2;7;0;2;1;2;1;
202300049840;155 592 141;B01;2;10;0;2;4;1;1;
202300049846;155 592 128;A01;1;7;0;1;5;1;0;
202300049978;155 591 905;A01;2;7;0;2;3;13;1;
202300049978;155 591 909;B01;1;7;0;2;3;1;1;
202300050012;155 591 846;A01;2;7;0;2;1;15;1;
202300050012;155 591 849;B01;1;2;0;2;8;18;1;
202300050160;155 591 577;A01;1;50;0;2;3;19;3;
202300050167;155 591 567;A01;1;2;0;0;0;26;1;
202300050336;155 591 263;A01;2;7;0;2;1;1;1;
202300050336;155 591 265;B01;1;10;0;2;2;15;1;
202300050341;155 591 250;A01;1;7;0;2;1;15;1;
202300050341;155 591 255;B01;2;2;0;2;8;1;1;
202300050463;155 591 015;B01;1;10;0;2;1;1;1;
202300050463;155 591 017;A01;1;7;0;2;8;16;1;
202300050580;155 590 814;B01;2;2;0;2;1;26;1;
202300050580;155 590 817;Z01;1;10;0;2;0;13;1;
202300050865;155 590 313;A01;1;30;0;2;2;12;1;
202300050865;155 590 314;B01;2;30;0;2;2;2;3;
202300051610;155 589 007;A01;2;7;0;2;1;2;1;
202300051610;155 589 010;B01;1;2;10;2;7;15;1;
202300051658;155 588 911;A01;2;7;0;2;1;1;6;
202300051658;155 588 913;B01;1;7;0;2;1;2;6;
202300051658;155 588 917;C01;1;7;0;2;3;13;6;
202300051662;155 588 897;A01;1;7;0;2;1;5;1;
202300051662;155 588 904;B01;1;7;0;2;1;2;1;
202300051662;155 588 908;D01;2;7;0;2;1;2;1;
202300051662;155 588 912;C01;1;7;0;2;1;1;1;
202300051708;155 588 819;A01;3;2;0;2;1;0;1;
202300051708;155 588 824;B01;3;7;0;2;3;1;0;
202300051961;155 588 371;A01;1;2;0;2;1;1;1;
202300051970;155 588 352;A01;2;50;0;2;7;1;3;
202300051970;155 588 360;B01;2;7;0;2;1;1;1;
202300052024;155 588 252;B01;1;30;0;2;7;17;1;
202300052024;155 588 258;A01;1;7;0;2;1;15;1;
202300052034;155 588 236;B01;3;1;0;2;7;5;5;
202300052034;155 588 240;A01;3;7;0;2;8;15;1;
202300052215;155 587 916;A01;1;7;0;2;2;14;1;
202300052215;155 587 921;B01;1;30;0;2;8;1;1;
202300052253;155 587 848;A01;3;2;0;2;8;26;1;
202300052253;155 587 852;B01;3;7;0;2;1;1;1;
202300052490;155 587 430;B01;2;2;0;2;2;10;1;
202300052490;155 587 432;A01;1;7;0;2;3;21;1;
202300052547;155 587 344;A01;1;30;0;0;2;1;1;
202300052668;155 587 128;A01;1;30;14;0;0;26;1;
202300052946;155 586 642;Z01;2;7;0;2;7;15;1;
202300052946;155 586 643;B01;1;2;0;2;1;1;1;
202300052949;155 586 633;A01;1;7;0;2;2;0;4;
202300052949;155 586 636;B01;2;7;0;2;3;5;1;
202300052954;155 586 623;A01;1;7;0;2;1;9;1;
202300052954;155 586 629;B01;1;2;0;2;3;1;1;
202300053159;155 586 255;B01;2;7;0;9;3;9;1;
202300053159;155 586 261;A01;2;2;0;2;1;1;1;
202300053469;155 585 693;A01;3;10;0;2;1;0;0;
202300053469;155 585 700;B01;3;2;0;2;7;0;1;
202300053482;155 585 671;A01;1;7;0;1;3;15;1;
202300053490;155 585 653;A01;1;1;0;2;1;19;5;
202300053490;155 585 659;B01;2;2;0;2;5;1;1;
202300053493;155 585 650;B01;3;2;0;2;1;1;1;
202300053493;155 585 657;A01;3;10;0;2;2;20;1;
202300053553;155 585 543;B01;1;2;0;2;0;0;0;
202300053553;155 585 554;A01;1;7;0;2;1;2;0;
202300053587;155 585 475;A01;1;7;0;2;5;9;1;
202300053587;155 585 479;B01;1;99;0;2;1;1;5;
202300053611;155 585 429;A01;1;7;0;2;3;9;1;
202300053611;155 585 431;B01;1;2;0;2;1;1;0;
202300053620;155 585 415;A01;2;31;0;1;2;17;1;
202300053784;155 585 138;A01;2;30;0;0;0;21;1;
202300053784;155 585 143;B01;2;7;0;0;0;0;1;
202300053789;155 585 122;A01;1;7;0;2;3;15;1;
202300053789;155 585 132;B01;2;2;0;2;1;1;1;
202300053801;155 585 101;A01;1;50;0;2;1;16;3;
202300053801;155 585 107;B01;1;7;0;2;5;16;1;
202300053827;155 585 056;B01;1;2;0;2;8;1;1;
202300053827;155 585 066;A01;2;7;0;0;1;15;1;
202300053995;155 584 765;B01;3;7;0;0;0;15;1;
202300053995;155 584 770;A01;3;2;0;0;1;1;1;
202300054063;155 584 651;A01;1;7;0;1;2;0;0;
202300054136;155 584 530;A01;1;7;0;9;1;15;1;
202300054136;155 584 534;B01;1;2;0;2;8;1;1;
202300054698;155 583 551;A01;1;7;0;2;8;9;1;
202300054698;155 583 554;B01;1;50;0;2;1;1;3;
202300054724;155 583 510;A01;1;2;0;2;1;1;6;
202300054724;155 583 516;B01;1;10;0;9;7;15;1;
202300054821;155 583 346;A01;1;30;0;2;3;9;1;
202300054821;155 583 347;B01;1;7;0;2;2;9;1;